cancer_type,n_samples,optimal_k,expected_range,silhouette,davies_bouldin,calinski_harabasz,balance_ratio,overall_silhouette,min_cluster_silhouette,negative_ratio,de_genes,cluster_sizes
BRCA,1215,7,"(4, 8)",0.4636550843715668,0.7270144717519317,7387.776479743323,0.26047904191616766,0.4636550843715668,0.24223783612251282,0.07242798353909465,"[{'gene': '653553', 'p_value': 0.0, 'gene_index': 22}, {'gene': '8225', 'p_value': 0.0, 'gene_index': 27}, {'gene': '90288', 'p_value': 0.0, 'gene_index': 28}, {'gene': 'A1BG', 'p_value': 0.0, 'gene_index': 29}, {'gene': 'A2ML1', 'p_value': 0.0, 'gene_index': 34}, {'gene': 'AAAS', 'p_value': 0.0, 'gene_index': 38}, {'gene': 'AADAT', 'p_value': 0.0, 'gene_index': 45}, {'gene': 'AAGAB', 'p_value': 0.0, 'gene_index': 46}, {'gene': 'AAMP', 'p_value': 0.0, 'gene_index': 48}, {'gene': 'ABAT', 'p_value': 0.0, 'gene_index': 58}]","[100, 87, 223, 108, 184, 179, 334]"
KIRC,606,5,"(3, 5)",0.47991660237312317,0.7679113048662739,37481.566951220186,0.22439024390243903,0.47991660237312317,0.39870738983154297,0.026402640264026403,"[{'gene': 'ABLIM3', 'p_value': 0.0, 'gene_index': 132}, {'gene': 'ALS2CL', 'p_value': 0.0, 'gene_index': 598}, {'gene': 'ANGPT2', 'p_value': 0.0, 'gene_index': 657}, {'gene': 'ANKRD9', 'p_value': 0.0, 'gene_index': 738}, {'gene': 'ARHGAP42', 'p_value': 0.0, 'gene_index': 949}, {'gene': 'BIK', 'p_value': 0.0, 'gene_index': 1515}, {'gene': 'BLCAP', 'p_value': 0.0, 'gene_index': 1526}, {'gene': 'BNIP3L', 'p_value': 0.0, 'gene_index': 1565}, {'gene': 'C3orf75', 'p_value': 0.0, 'gene_index': 2501}, {'gene': 'C6orf136', 'p_value': 0.0, 'gene_index': 2605}]","[140, 205, 46, 87, 128]"
LUAD,576,6,"(3, 6)",0.39219334721565247,0.9021122633867099,6731.797397138046,0.47586206896551725,0.39219334721565247,0.23231104016304016,0.0763888888888889,"[{'gene': 'ATP1B3', 'p_value': 2.7143057086714904e-35, 'gene_index': 1206}, {'gene': 'CDK6', 'p_value': 5.140598793961086e-33, 'gene_index': 3487}, {'gene': 'CCDC50', 'p_value': 4.4600374498764945e-32, 'gene_index': 3151}, {'gene': 'C16orf58', 'p_value': 2.211991666834983e-31, 'gene_index': 1971}, {'gene': 'B3GALNT1', 'p_value': 2.3032481144757593e-31, 'gene_index': 1323}, {'gene': 'ACAD8', 'p_value': 2.754223700982288e-31, 'gene_index': 146}, {'gene': 'CCNJL', 'p_value': 3.0141849819632473e-31, 'gene_index': 3264}, {'gene': 'CD46', 'p_value': 2.2815363456208172e-27, 'gene_index': 3354}, {'gene': 'CCDC64B', 'p_value': 6.206811220168573e-26, 'gene_index': 3166}, {'gene': 'CCL4', 'p_value': 7.583241981875196e-25, 'gene_index': 3238}]","[106, 84, 92, 69, 80, 145]"
THCA,572,2,"(2, 4)",0.9222578406333923,0.11217521451721152,36744.89933428981,0.7987421383647799,0.9222578406333923,0.9162142872810364,0.0,"[{'gene': 'APLP2', 'p_value': 1.482012653199483e-34, 'gene_index': 838}, {'gene': 'C1orf115', 'p_value': 1.816876719162016e-29, 'gene_index': 2146}, {'gene': 'CHPT1', 'p_value': 1.876463396730622e-28, 'gene_index': 3724}, {'gene': 'ALDH3A2', 'p_value': 1.4539446040321892e-26, 'gene_index': 543}, {'gene': 'ADAMTS9', 'p_value': 3.6563436716438385e-25, 'gene_index': 313}, {'gene': 'C7orf10', 'p_value': 5.416708968357486e-25, 'gene_index': 2664}, {'gene': 'CDC14A', 'p_value': 2.043494279522776e-24, 'gene_index': 3393}, {'gene': 'C6orf174', 'p_value': 4.754852795332407e-24, 'gene_index': 2624}, {'gene': 'CC2D2B', 'p_value': 1.423943158844412e-23, 'gene_index': 3055}, {'gene': 'CAMK2B', 'p_value': 3.110667623468213e-22, 'gene_index': 2921}]","[254, 318]"
HNSC,566,5,"(3, 5)",0.40738606452941895,0.8934045108753912,2902.7750728825777,0.3684210526315789,0.40738606452941895,0.28555360436439514,0.05123674911660778,"[{'gene': 'CHRND', 'p_value': 1.066091056076749e-39, 'gene_index': 3748}, {'gene': 'ASB5', 'p_value': 6.481917642802554e-39, 'gene_index': 1096}, {'gene': 'CAV3', 'p_value': 1.424113845401568e-36, 'gene_index': 3021}, {'gene': 'C20orf166', 'p_value': 3.3540873784311216e-36, 'gene_index': 2292}, {'gene': 'CASQ2', 'p_value': 5.5988173887672046e-36, 'gene_index': 3006}, {'gene': 'CSRP3', 'p_value': 1.6920275472447542e-35, 'gene_index': 4344}, {'gene': 'COX6A2', 'p_value': 2.162533797443575e-35, 'gene_index': 4140}, {'gene': 'C10orf71', 'p_value': 4.002586102184662e-35, 'gene_index': 1720}, {'gene': 'CKM', 'p_value': 4.832149627318295e-35, 'gene_index': 3805}, {'gene': 'BEST3', 'p_value': 6.537899745233923e-33, 'gene_index': 1488}]","[72, 190, 70, 102, 132]"
UCEC,555,5,"(3, 8)",0.46444761753082275,0.8241394057972524,11503.047422514008,0.6240601503759399,0.46444761753082275,0.2483837902545929,0.04144144144144144,"[{'gene': 'ARFIP1', 'p_value': 0.0, 'gene_index': 916}, {'gene': 'C9orf152', 'p_value': 4.318801867049086e-41, 'gene_index': 2775}, {'gene': 'BCAM', 'p_value': 4.639923423133761e-40, 'gene_index': 1420}, {'gene': 'C13orf31', 'p_value': 2.331676566728636e-39, 'gene_index': 1847}, {'gene': 'CDC42SE2', 'p_value': 7.465909424451441e-39, 'gene_index': 3419}, {'gene': 'C5orf43', 'p_value': 3.182064292841463e-37, 'gene_index': 2568}, {'gene': 'B4GALT1', 'p_value': 3.458465594462816e-37, 'gene_index': 1348}, {'gene': 'AKT2', 'p_value': 9.074762219754623e-37, 'gene_index': 525}, {'gene': 'BET1', 'p_value': 1.1209854100143322e-36, 'gene_index': 1490}, {'gene': 'CEACAM8', 'p_value': 4.578298307570782e-36, 'gene_index': 3543}]","[83, 92, 115, 132, 133]"
LUSC,552,5,"(3, 5)",0.42259958386421204,0.7506285386604868,28515.68779412161,0.1875,0.42259958386421204,0.27826011180877686,0.07246376811594203,"[{'gene': 'C3orf21', 'p_value': 5.605193857299268e-45, 'gene_index': 2461}, {'gene': 'ABCC5', 'p_value': 1.0930128021733573e-43, 'gene_index': 90}, {'gene': 'CYP2S1', 'p_value': 8.519894663094888e-42, 'gene_index': 4580}, {'gene': 'ALDH3B1', 'p_value': 1.099598904955684e-41, 'gene_index': 544}, {'gene': 'ABCF3', 'p_value': 8.129675079734356e-40, 'gene_index': 103}, {'gene': 'DCDC2', 'p_value': 8.13931601316891e-40, 'gene_index': 4697}, {'gene': 'DDR1', 'p_value': 2.294798595043e-39, 'gene_index': 4748}, {'gene': 'ALG1L', 'p_value': 7.233114513170088e-39, 'gene_index': 562}, {'gene': 'CLCA2', 'p_value': 1.0737188841374546e-38, 'gene_index': 3815}, {'gene': 'CSF2RA', 'p_value': 1.9111426936893655e-38, 'gene_index': 4305}]","[87, 208, 105, 39, 113]"
PRAD,550,4,"(3, 6)",0.3891335129737854,0.9507044652388734,9761.477375159313,0.3699421965317919,0.3891335129737854,0.3553466498851776,0.06,"[{'gene': 'ADA', 'p_value': 2.191630798204014e-42, 'gene_index': 266}, {'gene': 'ANP32E', 'p_value': 9.694182776199084e-42, 'gene_index': 760}, {'gene': 'ALDH3B1', 'p_value': 8.55730933209236e-41, 'gene_index': 544}, {'gene': 'CERK', 'p_value': 1.760465273715911e-39, 'gene_index': 3616}, {'gene': 'CANT1', 'p_value': 2.929651259111501e-39, 'gene_index': 2938}, {'gene': 'C9orf152', 'p_value': 2.5158414887273238e-37, 'gene_index': 2775}, {'gene': 'C8orf73', 'p_value': 2.7062937790965194e-36, 'gene_index': 2737}, {'gene': 'CCDC109B', 'p_value': 1.3863756266780317e-35, 'gene_index': 3071}, {'gene': 'C10orf54', 'p_value': 6.780739291616294e-35, 'gene_index': 1713}, {'gene': 'CORO1C', 'p_value': 9.879297630579467e-35, 'gene_index': 4120}]","[64, 173, 145, 168]"
LGG,529,7,"(3, 8)",0.4215925335884094,0.8781429953583658,15265.128253652254,0.5882352941176471,0.4215925335884094,0.31459423899650574,0.06427221172022685,"[{'gene': '136542', 'p_value': 0.0, 'gene_index': 5}, {'gene': '317712', 'p_value': 0.0, 'gene_index': 9}, {'gene': '728045', 'p_value': 0.0, 'gene_index': 23}, {'gene': 'ALDH5A1', 'p_value': 0.0, 'gene_index': 547}, {'gene': 'ARPP21', 'p_value': 0.0, 'gene_index': 1047}, {'gene': 'BCL2L12', 'p_value': 0.0, 'gene_index': 1446}, {'gene': 'C20orf72', 'p_value': 0.0, 'gene_index': 2321}, {'gene': 'CALU', 'p_value': 0.0, 'gene_index': 2915}, {'gene': 'CAPZA1', 'p_value': 0.0, 'gene_index': 2963}, {'gene': 'CASKIN1', 'p_value': 0.0, 'gene_index': 2990}]","[85, 82, 60, 63, 74, 63, 102]"
COAD,492,6,"(4, 6)",0.4509918689727783,0.7264197633686639,22034.267725222006,0.20348837209302326,0.4509918689727783,0.32689130306243896,0.07723577235772358,"[{'gene': 'AADACL2', 'p_value': 0.0, 'gene_index': 42}, {'gene': 'ASXL1', 'p_value': 7.20267410662956e-41, 'gene_index': 1138}, {'gene': 'ABHD3', 'p_value': 2.1252726641225795e-34, 'gene_index': 119}, {'gene': 'ADNP', 'p_value': 3.488100957860607e-33, 'gene_index': 364}, {'gene': 'CAV3', 'p_value': 1.817678081872836e-32, 'gene_index': 3021}, {'gene': 'C10orf99', 'p_value': 3.3904339811649803e-32, 'gene_index': 1735}, {'gene': 'ATP9B', 'p_value': 5.210168531629862e-31, 'gene_index': 1273}, {'gene': 'ATP8B1', 'p_value': 6.234510295659575e-31, 'gene_index': 1267}, {'gene': 'AFG3L2', 'p_value': 1.465709235870812e-30, 'gene_index': 402}, {'gene': 'ACADS', 'p_value': 2.0717568834937494e-30, 'gene_index': 150}]","[62, 172, 35, 54, 74, 95]"
SKCM,473,6,"(3, 8)",0.4534043073654175,0.8084005877095585,3411.328551971679,0.3221476510067114,0.4534043073654175,0.22802923619747162,0.07188160676532769,"[{'gene': 'C1orf85', 'p_value': 1.2963669681273634e-34, 'gene_index': 2238}, {'gene': 'B3GNT5', 'p_value': 2.886809589602495e-31, 'gene_index': 1338}, {'gene': 'BZW1', 'p_value': 4.472914461517295e-31, 'gene_index': 1675}, {'gene': 'C6orf204', 'p_value': 6.518945133925784e-31, 'gene_index': 2633}, {'gene': 'CABLES1', 'p_value': 7.860608776773531e-31, 'gene_index': 2849}, {'gene': 'CASC4', 'p_value': 4.631847974556381e-30, 'gene_index': 2986}, {'gene': 'CEP135', 'p_value': 9.77393798595724e-30, 'gene_index': 3595}, {'gene': 'C10orf118', 'p_value': 1.8485301301144048e-29, 'gene_index': 1687}, {'gene': 'CA14', 'p_value': 1.858475752717842e-29, 'gene_index': 2833}, {'gene': 'C6orf182', 'p_value': 7.152467469951169e-29, 'gene_index': 2626}]","[48, 149, 61, 91, 62, 62]"
STAD,450,4,"(3, 8)",0.572627604007721,0.559087629642352,6223.7663892424525,0.5214285714285715,0.572627604007721,0.5128216743469238,0.03777777777777778,"[{'gene': 'ACAP2', 'p_value': 1.2918413794030972e-23, 'gene_index': 155}, {'gene': '10357', 'p_value': 2.2967253697047276e-17, 'gene_index': 3}, {'gene': 'ACOT8', 'p_value': 1.8001559241192545e-14, 'gene_index': 192}, {'gene': '645851', 'p_value': 2.4522720212436476e-14, 'gene_index': 20}, {'gene': 'ACBD4', 'p_value': 1.2246600218299153e-13, 'gene_index': 160}, {'gene': 'ACOT1', 'p_value': 2.604475066603912e-13, 'gene_index': 187}, {'gene': '391714', 'p_value': 2.788872648443186e-12, 'gene_index': 14}, {'gene': 'ACER3', 'p_value': 7.483136506281074e-12, 'gene_index': 176}, {'gene': '155060', 'p_value': 2.1084337401000575e-11, 'gene_index': 6}, {'gene': '100133144', 'p_value': 6.7100063283476175e-09, 'gene_index': 1}]","[73, 140, 113, 124]"
BLCA,427,6,"(3, 8)",0.4444325566291809,0.7981538714958015,41049.259464583774,0.4479166666666667,0.4444325566291809,0.23988819122314453,0.06088992974238876,"[{'gene': 'ACER2', 'p_value': 0.0, 'gene_index': 175}, {'gene': 'BCAT2', 'p_value': 0.0, 'gene_index': 1432}, {'gene': 'C17orf28', 'p_value': 0.0, 'gene_index': 2006}, {'gene': 'ARHGEF10L', 'p_value': 1.401298464324817e-45, 'gene_index': 959}, {'gene': 'CAPN5', 'p_value': 2.802596928649634e-45, 'gene_index': 2951}, {'gene': 'CORO1C', 'p_value': 7.006492321624085e-45, 'gene_index': 4120}, {'gene': 'CYB5A', 'p_value': 1.401298464324817e-44, 'gene_index': 4522}, {'gene': 'BCAS1', 'p_value': 4.624284932271896e-44, 'gene_index': 1427}, {'gene': 'AGAP11', 'p_value': 9.388699710976274e-44, 'gene_index': 409}, {'gene': 'CYP2J2', 'p_value': 1.4573504028978098e-43, 'gene_index': 4578}]","[75, 50, 88, 75, 43, 96]"
LIHC,423,6,"(3, 8)",0.38003575801849365,0.8776744445473765,24024.36107081948,0.32075471698113206,0.38003575801849365,0.2556759715080261,0.08983451536643026,"[{'gene': 'ANK3', 'p_value': 1.7913465676040352e-32, 'gene_index': 668}, {'gene': 'CCBE1', 'p_value': 4.123375280053816e-32, 'gene_index': 3057}, {'gene': 'ADAMTS2', 'p_value': 9.254029318338548e-32, 'gene_index': 306}, {'gene': 'ABR', 'p_value': 2.242688545120266e-29, 'gene_index': 135}, {'gene': 'CFTR', 'p_value': 6.944444767392365e-29, 'gene_index': 3645}, {'gene': 'AKT3', 'p_value': 1.8321364338718483e-28, 'gene_index': 526}, {'gene': 'CAP2', 'p_value': 2.2424245121619526e-28, 'gene_index': 2941}, {'gene': 'CCDC8', 'p_value': 1.036975185875514e-27, 'gene_index': 3195}, {'gene': 'C8orf79', 'p_value': 1.3472437517707615e-27, 'gene_index': 2742}, {'gene': 'CCT3', 'p_value': 4.5112532349719626e-27, 'gene_index': 3289}]","[59, 106, 106, 63, 34, 55]"
KIRP,323,8,"(3, 8)",0.43863415718078613,0.7495129898565027,27849.786621102005,0.5636363636363636,0.43863415718078613,0.35425272583961487,0.05572755417956656,"[{'gene': 'C1orf186', 'p_value': 1.7616605781670714e-34, 'gene_index': 2185}, {'gene': 'ABHD11', 'p_value': 1.9446372941320995e-34, 'gene_index': 110}, {'gene': 'AGBL2', 'p_value': 1.5185078635592527e-32, 'gene_index': 419}, {'gene': 'ADAMTS13', 'p_value': 7.752680292755043e-32, 'gene_index': 297}, {'gene': 'C7orf63', 'p_value': 1.3058755997875274e-31, 'gene_index': 2701}, {'gene': 'ADCY4', 'p_value': 5.701171299454207e-30, 'gene_index': 336}, {'gene': 'C6orf174', 'p_value': 3.0076751412681675e-29, 'gene_index': 2624}, {'gene': 'C6orf223', 'p_value': 3.6361409438611284e-26, 'gene_index': 2640}, {'gene': 'AFAP1L2', 'p_value': 1.8586046104311486e-25, 'gene_index': 395}, {'gene': 'ADIPOR1', 'p_value': 3.7767598375593656e-25, 'gene_index': 358}]","[55, 54, 34, 36, 31, 37, 31, 45]"
CESC,309,4,"(3, 8)",0.6621074080467224,0.5851488843371249,12101.888417103302,0.40441176470588236,0.6621074080467224,0.4274260699748993,0.025889967637540454,"[{'gene': 'CCDC40', 'p_value': 2.0797814052821596e-15, 'gene_index': 3142}, {'gene': 'CAPNS2', 'p_value': 4.540561194854619e-15, 'gene_index': 2957}, {'gene': 'CLDND1', 'p_value': 3.8836724905889214e-14, 'gene_index': 3851}, {'gene': 'ABCC5', 'p_value': 4.7344330604374985e-14, 'gene_index': 90}, {'gene': 'BCL2L10', 'p_value': 4.9450945589909687e-14, 'gene_index': 1444}, {'gene': 'CCDC21', 'p_value': 1.6013275774828806e-13, 'gene_index': 3126}, {'gene': 'CD81', 'p_value': 4.737951567537757e-13, 'gene_index': 3376}, {'gene': 'CD63', 'p_value': 7.175280335169898e-13, 'gene_index': 3365}, {'gene': 'ACAP2', 'p_value': 1.2001426328428488e-12, 'gene_index': 155}, {'gene': 'C12orf54', 'p_value': 1.4882404119828663e-12, 'gene_index': 1816}]","[136, 55, 59, 59]"
OV,308,4,"(4, 6)",0.4197111129760742,0.8787946676793956,7160.9311752353715,0.5217391304347826,0.4197111129760742,0.3862308859825134,0.08116883116883117,"[{'gene': 'C5orf46', 'p_value': 1.6636120107361985e-14, 'gene_index': 2571}, {'gene': 'C3orf72', 'p_value': 7.999275131176375e-10, 'gene_index': 2499}, {'gene': 'ABR', 'p_value': 9.3409491253027e-10, 'gene_index': 135}, {'gene': 'ACAN', 'p_value': 9.04398067547163e-09, 'gene_index': 153}, {'gene': 'ABI3', 'p_value': 1.696112938986971e-08, 'gene_index': 126}, {'gene': 'ACOXL', 'p_value': 1.976245833645862e-08, 'gene_index': 197}, {'gene': 'C3orf64', 'p_value': 5.641231837216765e-08, 'gene_index': 2493}, {'gene': 'AADAT', 'p_value': 8.195763712137705e-08, 'gene_index': 45}, {'gene': 'C3orf50', 'p_value': 1.2823547024254367e-07, 'gene_index': 2483}, {'gene': 'ACBD7', 'p_value': 1.560164974989675e-07, 'gene_index': 163}]","[48, 92, 79, 89]"
SARC,265,3,"(3, 8)",0.7572606205940247,0.4515897648823737,33828.23309465199,0.5076923076923077,0.7572606205940247,0.5560206770896912,0.0,"[{'gene': 'CD248', 'p_value': 1.3817728044972635e-24, 'gene_index': 3325}, {'gene': 'ASAP3', 'p_value': 1.860428654059246e-24, 'gene_index': 1082}, {'gene': 'CDC42EP3', 'p_value': 9.393985217895228e-24, 'gene_index': 3415}, {'gene': 'CCT6P1', 'p_value': 1.0249996329951368e-23, 'gene_index': 3294}, {'gene': 'C8orf84', 'p_value': 2.5841036949852203e-23, 'gene_index': 2745}, {'gene': 'CYTSB', 'p_value': 1.339220633583379e-22, 'gene_index': 4617}, {'gene': 'DAB2', 'p_value': 1.9154491936207329e-22, 'gene_index': 4624}, {'gene': 'CAP2', 'p_value': 3.5184705937085357e-22, 'gene_index': 2941}, {'gene': 'ALDH1B1', 'p_value': 4.582058556951134e-22, 'gene_index': 538}, {'gene': 'CDKN2BAS', 'p_value': 5.671182389457844e-22, 'gene_index': 3504}]","[130, 66, 69]"
ESCA,196,4,"(3, 8)",0.5379492044448853,0.5813538460122625,2972.080118891124,0.38571428571428573,0.5379492044448853,0.27643656730651855,0.08673469387755102,"[{'gene': 'ABCC6P1', 'p_value': 1.982375900384194e-21, 'gene_index': 92}, {'gene': 'A1CF', 'p_value': 3.908639632330812e-21, 'gene_index': 30}, {'gene': 'ABCC6P2', 'p_value': 7.707111893325346e-20, 'gene_index': 93}, {'gene': 'ACAA2', 'p_value': 3.9273703133526373e-19, 'gene_index': 141}, {'gene': 'ABCC6', 'p_value': 1.6028742984558813e-18, 'gene_index': 91}, {'gene': 'ACE', 'p_value': 6.629189210761249e-18, 'gene_index': 172}, {'gene': 'ABP1', 'p_value': 1.0994251908886241e-17, 'gene_index': 134}, {'gene': 'ABCC1', 'p_value': 8.03397912627597e-17, 'gene_index': 86}, {'gene': 'ABCC5', 'p_value': 1.5174454960228902e-16, 'gene_index': 90}, {'gene': 'ACBD5', 'p_value': 9.331409402436332e-16, 'gene_index': 161}]","[47, 52, 27, 70]"
PCPG,187,4,"(3, 8)",0.6473940014839172,0.5847512791708637,7775.719087435895,0.2926829268292683,0.6473940014839172,0.3677966892719269,0.03208556149732621,"[{'gene': 'CALM1', 'p_value': 1.5034588727531596e-18, 'gene_index': 2905}, {'gene': 'CCDC148', 'p_value': 1.6384819422844514e-18, 'gene_index': 3109}, {'gene': 'ASTN1', 'p_value': 1.999703754172963e-18, 'gene_index': 1136}, {'gene': 'C4orf50', 'p_value': 4.559950172755241e-18, 'gene_index': 2540}, {'gene': 'CACNA1B', 'p_value': 1.2178614900203954e-17, 'gene_index': 2859}, {'gene': 'B3GALTL', 'p_value': 2.2053081808194496e-17, 'gene_index': 1330}, {'gene': 'CALM2', 'p_value': 8.799523533537467e-17, 'gene_index': 2906}, {'gene': 'CHM', 'p_value': 2.0531653801481633e-16, 'gene_index': 3704}, {'gene': 'C9orf80', 'p_value': 2.222319580250521e-16, 'gene_index': 2817}, {'gene': 'C9orf4', 'p_value': 3.9047123019547735e-16, 'gene_index': 2796}]","[82, 52, 24, 29]"
PAAD,183,3,"(3, 8)",0.7252494096755981,0.5252666447297477,16429.820752749296,0.4631578947368421,0.7252494096755981,0.47251683473587036,0.01639344262295082,"[{'gene': 'C21orf62', 'p_value': 5.313963452379699e-22, 'gene_index': 2347}, {'gene': 'APOBEC2', 'p_value': 1.629197344779523e-21, 'gene_index': 847}, {'gene': 'CEL', 'p_value': 1.1125530641977235e-18, 'gene_index': 3556}, {'gene': 'C6', 'p_value': 7.994866585843115e-16, 'gene_index': 2584}, {'gene': 'ABCC8', 'p_value': 3.408851908972936e-15, 'gene_index': 94}, {'gene': 'ACADL', 'p_value': 4.739888630244174e-14, 'gene_index': 148}, {'gene': 'C8orf12', 'p_value': 5.093071689214745e-13, 'gene_index': 2713}, {'gene': 'ACTL6B', 'p_value': 3.182049892677674e-12, 'gene_index': 235}, {'gene': 'C6orf217', 'p_value': 4.398215298906383e-12, 'gene_index': 2636}, {'gene': 'ABAT', 'p_value': 1.9904302164808207e-11, 'gene_index': 58}]","[95, 44, 44]"
LAML,173,4,"(3, 8)",0.636055588722229,0.6388702053868133,7168.445671844457,0.3466666666666667,0.636055588722229,0.26018375158309937,0.03468208092485549,"[{'gene': '10431', 'p_value': 0.001236192649230361, 'gene_index': 4}, {'gene': '136542', 'p_value': nan, 'gene_index': 5}, {'gene': 'AAAS', 'p_value': 6.53289262686485e-08, 'gene_index': 38}, {'gene': 'A2M', 'p_value': 7.567566058241937e-07, 'gene_index': 33}, {'gene': 'A1BG', 'p_value': 0.00014989716873969883, 'gene_index': 29}, {'gene': '155060', 'p_value': 0.007573872338980436, 'gene_index': 6}, {'gene': '390284', 'p_value': 0.008225490339100361, 'gene_index': 12}, {'gene': '10357', 'p_value': 0.008370746858417988, 'gene_index': 3}, {'gene': '100134869', 'p_value': 0.01745237410068512, 'gene_index': 2}, {'gene': '100130426', 'p_value': nan, 'gene_index': 0}]","[75, 27, 26, 45]"
READ,170,3,"(3, 8)",0.6453137397766113,0.6666885539917522,2650.4132032147786,0.4444444444444444,0.6453137397766113,0.31328392028808594,0.03529411764705882,"[{'gene': 'ABHD4', 'p_value': 8.057250511228631e-08, 'gene_index': 120}, {'gene': 'CDK5RAP1', 'p_value': 9.308306658795118e-08, 'gene_index': 3484}, {'gene': 'ACADS', 'p_value': 4.439415022261528e-07, 'gene_index': 150}, {'gene': 'ACAT2', 'p_value': 1.7872357602755073e-06, 'gene_index': 158}, {'gene': 'AMD1', 'p_value': 2.2573199203179684e-06, 'gene_index': 613}, {'gene': 'ADNP', 'p_value': 2.6481277473067166e-06, 'gene_index': 364}, {'gene': 'AGPAT5', 'p_value': 2.6776342565426603e-06, 'gene_index': 434}, {'gene': 'BAI1', 'p_value': 3.4046049677272094e-06, 'gene_index': 1373}, {'gene': 'BAK1', 'p_value': 4.069846454513026e-06, 'gene_index': 1380}, {'gene': 'ATP8B1', 'p_value': 5.093478193884948e-06, 'gene_index': 1267}]","[90, 40, 40]"
GBM,166,3,"(3, 5)",0.6264868974685669,0.6326864788564462,4308.851152810021,0.41333333333333333,0.6264868974685669,0.3480857014656067,0.05421686746987952,"[{'gene': '136542', 'p_value': 0.0, 'gene_index': 5}, {'gene': '280660', 'p_value': 0.0, 'gene_index': 8}, {'gene': '317712', 'p_value': 0.0, 'gene_index': 9}, {'gene': '441362', 'p_value': 0.0, 'gene_index': 16}, {'gene': '728045', 'p_value': 0.0, 'gene_index': 23}, {'gene': 'ACTL9', 'p_value': 0.0, 'gene_index': 239}, {'gene': 'BASE', 'p_value': 0.0, 'gene_index': 1392}, {'gene': 'BCYRN1', 'p_value': 0.0, 'gene_index': 1469}, {'gene': 'BEYLA', 'p_value': 0.0, 'gene_index': 1497}, {'gene': 'BPY2', 'p_value': 0.0, 'gene_index': 1585}]","[75, 31, 60]"
TGCT,139,3,"(3, 8)",0.8669085502624512,0.18851795231782478,6256.740614146414,0.5245901639344263,0.8669085502624512,0.8121644258499146,0.0,"[{'gene': 'BCAT1', 'p_value': 1.3493528892677825e-23, 'gene_index': 1431}, {'gene': 'ACVR1B', 'p_value': 1.52403319941013e-22, 'gene_index': 257}, {'gene': 'BMI1', 'p_value': 1.543516422938406e-22, 'gene_index': 1539}, {'gene': 'CHST7', 'p_value': 2.004228735854009e-22, 'gene_index': 3763}, {'gene': 'C1orf144', 'p_value': 3.0732811701415097e-22, 'gene_index': 2161}, {'gene': 'C12orf40', 'p_value': 3.966454983017196e-22, 'gene_index': 1802}, {'gene': 'ASB7', 'p_value': 5.922413256971859e-22, 'gene_index': 1098}, {'gene': 'AGPAT3', 'p_value': 6.463439561756886e-22, 'gene_index': 432}, {'gene': 'CAPN1', 'p_value': 9.300006167217895e-22, 'gene_index': 2948}, {'gene': 'BTRC', 'p_value': 2.07176714429604e-21, 'gene_index': 1666}]","[46, 32, 61]"
THYM,122,3,"(3, 8)",0.5777758955955505,0.7211421037967289,1513.284715231178,0.66,0.5777758955955505,0.3452276587486267,0.03278688524590164,"[{'gene': 'CDCA7', 'p_value': 4.282990249352553e-14, 'gene_index': 3429}, {'gene': 'CDCA8', 'p_value': 1.0102711039700757e-13, 'gene_index': 3431}, {'gene': 'CHCHD3', 'p_value': 1.238131098297776e-13, 'gene_index': 3670}, {'gene': '10357', 'p_value': 7.40921646952275e-13, 'gene_index': 3}, {'gene': 'CD1E', 'p_value': 1.020047653114975e-12, 'gene_index': 3314}, {'gene': 'CD1B', 'p_value': 1.4784083245816815e-12, 'gene_index': 3311}, {'gene': 'CDK2', 'p_value': 1.6160854121941015e-12, 'gene_index': 3476}, {'gene': 'CCNA2', 'p_value': 1.798611173192688e-12, 'gene_index': 3245}, {'gene': 'CCDC21', 'p_value': 2.9777358964006018e-12, 'gene_index': 3126}, {'gene': 'CDC42EP2', 'p_value': 4.302456828308987e-12, 'gene_index': 3414}]","[50, 33, 39]"
KICH,91,3,"(3, 8)",0.619469940662384,0.6840842889144391,9679.139869347828,0.5526315789473685,0.619469940662384,0.35276681184768677,0.02197802197802198,"[{'gene': 'CCDC85C', 'p_value': 3.0431776212478875e-14, 'gene_index': 3192}, {'gene': 'C5orf36', 'p_value': 5.991289007880457e-14, 'gene_index': 2561}, {'gene': 'C7orf26', 'p_value': 6.672416661074668e-14, 'gene_index': 2670}, {'gene': 'C8G', 'p_value': 1.03820950317704e-13, 'gene_index': 2712}, {'gene': 'CEBPZ', 'p_value': 1.3361521904089319e-13, 'gene_index': 3549}, {'gene': 'ADCK2', 'p_value': 1.6757984431549355e-13, 'gene_index': 329}, {'gene': 'ABI2', 'p_value': 1.9538071247687805e-13, 'gene_index': 125}, {'gene': 'ADCK1', 'p_value': 2.349923098991791e-13, 'gene_index': 328}, {'gene': 'CCNG2', 'p_value': 2.409645020410439e-13, 'gene_index': 3259}, {'gene': 'ADIPOR2', 'p_value': 2.567525727616149e-13, 'gene_index': 359}]","[38, 21, 32]"
MESO,87,3,"(3, 8)",0.6410062909126282,0.6028367981836699,9163.62870200532,0.5714285714285714,0.6410062909126282,0.37115150690078735,0.022988505747126436,"[{'gene': 'ANXA8', 'p_value': 1.566290569465778e-10, 'gene_index': 779}, {'gene': 'COBL', 'p_value': 2.382856967297897e-10, 'gene_index': 4017}, {'gene': 'CFB', 'p_value': 5.255262336412159e-10, 'gene_index': 3629}, {'gene': 'ABLIM2', 'p_value': 6.567831278836422e-10, 'gene_index': 131}, {'gene': 'BCO2', 'p_value': 1.7928265094724338e-08, 'gene_index': 1463}, {'gene': 'C19orf21', 'p_value': 2.1434253483221255e-08, 'gene_index': 2083}, {'gene': 'BCL6B', 'p_value': 5.803486402555791e-08, 'gene_index': 1454}, {'gene': 'AACS', 'p_value': 8.788135374970807e-08, 'gene_index': 39}, {'gene': 'C9orf103', 'p_value': 9.492005403899384e-08, 'gene_index': 2752}, {'gene': 'BNC1', 'p_value': 1.3722599589982565e-07, 'gene_index': 1560}]","[35, 20, 32]"
UVM,80,3,"(3, 8)",0.6834702491760254,0.5765969491879025,7090.03755540403,0.4358974358974359,0.6834702491760254,0.3735865652561188,0.0125,"[{'gene': 'BAZ1A', 'p_value': 5.466572940843184e-12, 'gene_index': 1405}, {'gene': 'C7orf64', 'p_value': 3.0456210470264367e-11, 'gene_index': 2702}, {'gene': 'C5orf44', 'p_value': 4.444633550093613e-11, 'gene_index': 2569}, {'gene': 'CCDC55', 'p_value': 5.320006934983468e-11, 'gene_index': 3156}, {'gene': 'CD81', 'p_value': 7.126509105059853e-11, 'gene_index': 3376}, {'gene': 'CDC14A', 'p_value': 7.79374897952323e-11, 'gene_index': 3393}, {'gene': 'CCNT2', 'p_value': 9.863239391894041e-11, 'gene_index': 3270}, {'gene': 'ACSL4', 'p_value': 9.992837113337316e-11, 'gene_index': 215}, {'gene': 'C3orf63', 'p_value': 1.0941918204832035e-10, 'gene_index': 2492}, {'gene': 'ACAP2', 'p_value': 1.512952679805224e-10, 'gene_index': 155}]","[39, 17, 24]"
ACC,79,3,"(3, 8)",0.6305220723152161,0.5293797928557766,5215.45856075007,0.4411764705882353,0.6305220723152161,0.3562127947807312,0.05063291139240506,"[{'gene': 'AMH', 'p_value': 2.0327750149817803e-08, 'gene_index': 619}, {'gene': 'ARMC9', 'p_value': 4.918229734585111e-08, 'gene_index': 1027}, {'gene': 'C1orf230', 'p_value': 1.2904067148156173e-07, 'gene_index': 2207}, {'gene': 'BACE1', 'p_value': 2.628787001413002e-07, 'gene_index': 1359}, {'gene': 'CDH11', 'p_value': 3.4053502417918935e-07, 'gene_index': 3435}, {'gene': 'C4orf50', 'p_value': 5.649034733323788e-07, 'gene_index': 2540}, {'gene': 'ACTL7B', 'p_value': 1.0832123962245532e-06, 'gene_index': 237}, {'gene': 'ABI3BP', 'p_value': 2.3866186893428676e-06, 'gene_index': 127}, {'gene': 'ATP6V1B2', 'p_value': 3.4536483326519374e-06, 'gene_index': 1252}, {'gene': '653553', 'p_value': 3.616245976445498e-06, 'gene_index': 22}]","[30, 15, 34]"
UCS,57,2,"(3, 8)",0.7001805901527405,0.38851372179359644,264.56565703174255,0.7272727272727273,0.7001805901527405,0.6676143407821655,0.0,"[{'gene': 'CDON', 'p_value': 3.547781659563043e-07, 'gene_index': 3510}, {'gene': 'ACTN2', 'p_value': 1.3456960914481897e-06, 'gene_index': 241}, {'gene': 'AKAP4', 'p_value': 1.2162557140982244e-05, 'gene_index': 497}, {'gene': 'C10orf71', 'p_value': 1.682596302998718e-05, 'gene_index': 1720}, {'gene': 'AKNAD1', 'p_value': 3.5300941817695275e-05, 'gene_index': 508}, {'gene': 'ABCC11', 'p_value': 3.632966763689183e-05, 'gene_index': 83}, {'gene': 'C6orf115', 'p_value': 4.179770257906057e-05, 'gene_index': 2591}, {'gene': 'AMIGO1', 'p_value': 4.796756184077822e-05, 'gene_index': 622}, {'gene': 'C6orf120', 'p_value': 5.141803922015242e-05, 'gene_index': 2593}, {'gene': 'BSG', 'p_value': 5.493440403370187e-05, 'gene_index': 1621}]","[24, 33]"
DLBC,48,2,"(3, 8)",0.789635956287384,0.27720526644045423,371.0158231463388,0.5483870967741935,0.789635956287384,0.7527727484703064,0.0,"[{'gene': 'AGPAT6', 'p_value': 1.5335657735704444e-05, 'gene_index': 435}, {'gene': 'CEACAM19', 'p_value': 6.05718742008321e-05, 'gene_index': 3534}, {'gene': 'B4GALNT4', 'p_value': 0.00011224618356209248, 'gene_index': 1347}, {'gene': 'ARHGAP6', 'p_value': 0.0002582851448096335, 'gene_index': 952}, {'gene': 'BLNK', 'p_value': 0.0003312824701424688, 'gene_index': 1531}, {'gene': 'C3orf51', 'p_value': 0.0004885260132141411, 'gene_index': 2484}, {'gene': 'BAIAP2', 'p_value': 0.0008006814168766141, 'gene_index': 1376}, {'gene': 'C8orf58', 'p_value': 0.0010100888321176171, 'gene_index': 2734}, {'gene': 'ABCA17P', 'p_value': 0.0012649605050683022, 'gene_index': 64}, {'gene': 'BOK', 'p_value': 0.0013142159441486, 'gene_index': 1570}]","[17, 31]"
CHOL,45,2,"(3, 8)",0.6612419486045837,0.38546242041754764,133.02046186184978,0.40625,0.6612419486045837,0.5938370227813721,0.044444444444444446,"[{'gene': 'C6', 'p_value': 2.8430767429199477e-07, 'gene_index': 2584}, {'gene': 'ACBD6', 'p_value': 5.466247330332408e-07, 'gene_index': 162}, {'gene': 'ACADL', 'p_value': 1.0415155884402338e-06, 'gene_index': 148}, {'gene': 'CDH23', 'p_value': 1.0423663070469047e-06, 'gene_index': 3447}, {'gene': 'C4A', 'p_value': 1.1832436257463996e-06, 'gene_index': 2505}, {'gene': 'C4BPA', 'p_value': 1.1841999594253139e-06, 'gene_index': 2506}, {'gene': 'ADH7', 'p_value': 1.193109596897557e-06, 'gene_index': 353}, {'gene': 'C4orf14', 'p_value': 1.6163198779395316e-06, 'gene_index': 2511}, {'gene': 'AUTS2', 'p_value': 1.7230993307748577e-06, 'gene_index': 1303}, {'gene': 'ALDOB', 'p_value': 1.7271581782551948e-06, 'gene_index': 553}]","[13, 32]"
